First Name,Last Name,Email,Phone
,Shelby,,111111111
Mayra,,,111111111
Ely,Estrella,,111111111
Ely,Estrella,test@test.com,12345
Dalton,Bernal,what@test.com,123456781
Mayra,Estrella,ely.bernal@test.com,123456789
Dalton,Shelby,mayraestrella@test.com,1112223333
Ely,Bernal,what@test.com,22222222
Mayra,Shelby,mayraestrella@test.com,12345
Dalton,Bernal,mayraestrella@test.com,1112223333
Mayra,Bernal,,123456781
Mayra,Shelby,what@test.com,111111111
Dalton,Bernal,ely.bernal@test.com,33333333
,Bernal,daltonshelby@test.com,22222222
,Shelby,daltonshelby@test.com,123456781
Dalton,Bernal,ely.bernal@test.com,33333333
Mayra,Shelby,daltonshelby@test.com,33333333
,Estrella,ely.bernal@test.com,123456781
Mayra,Bernal,what@test.com,111111111
Mayra,,ely.bernal@test.com,123456781
Ely,Bernal,,1112223333
Ely,Shelby,what@test.com,22222222
Dalton,Estrella,what@test.com,1112223333
Dalton,Estrella,,33333333
Dalton,,test@test.com,123456781
Mayra,Estrella,daltonshelby@test.com,123456789
Dalton,Shelby,emma@test.com,123456781
Dalton,Bernal,emma@test.com,22222222
Ely,Estrella,what@test.com,1112223333
Ely,,test@test.com,123456781
Ely,Estrella,,33333333
Ely,Shelby,ely.bernal@test.com,1112223333
Ely,,daltonshelby@test.com,33333333
Mayra,Estrella,,123456789
Mayra,Estrella,emma@test.com,22222222
,,ely.bernal@test.com,123456781
Ely,Estrella,what@test.com,123456781
Ely,Shelby,test@test.com,12345
Mayra,Estrella,emma@test.com,1112223333
Ely,,what@test.com,111111111
Ely,Shelby,,1112223333
Mayra,Estrella,emma@test.com,12345
Mayra,Bernal,mayraestrella@test.com,123456781
Dalton,Shelby,what@test.com,1112223333
Mayra,Shelby,what@test.com,22222222
Dalton,Shelby,ely.bernal@test.com,123456789
,,test@test.com,33333333
Ely,Shelby,what@test.com,33333333
,Shelby,what@test.com,111111111
Ely,Bernal,daltonshelby@test.com,12345
,Shelby,mayraestrella@test.com,22222222
,Estrella,ely.bernal@test.com,22222222
Ely,Shelby,ely.bernal@test.com,111111111
Mayra,Bernal,,1112223333
,Shelby,mayraestrella@test.com,123456789
,,what@test.com,123456789
,Shelby,ely.bernal@test.com,123456789
Dalton,Shelby,,123456789
,Bernal,mayraestrella@test.com,123456781
Dalton,Bernal,ely.bernal@test.com,33333333
Mayra,Bernal,test@test.com,111111111
,Bernal,test@test.com,111111111
Dalton,Bernal,daltonshelby@test.com,123456789
Mayra,,emma@test.com,123456781
Dalton,Estrella,mayraestrella@test.com,33333333
Ely,,test@test.com,33333333
Dalton,Bernal,ely.bernal@test.com,22222222
,Bernal,,123456781
,,what@test.com,111111111
Mayra,,what@test.com,123456789
Dalton,,mayraestrella@test.com,22222222
Ely,Shelby,ely.bernal@test.com,12345
Dalton,Shelby,daltonshelby@test.com,22222222
,Bernal,what@test.com,111111111
,Bernal,,111111111
Dalton,Bernal,emma@test.com,22222222
Mayra,,,33333333
Mayra,Estrella,what@test.com,1112223333
Dalton,Shelby,test@test.com,1112223333
,Bernal,ely.bernal@test.com,123456789
Dalton,Bernal,emma@test.com,111111111
Ely,,mayraestrella@test.com,22222222
,,mayraestrella@test.com,1112223333
,Bernal,,22222222
,Estrella,what@test.com,33333333
,,test@test.com,111111111
Mayra,Estrella,ely.bernal@test.com,123456789
Dalton,Shelby,daltonshelby@test.com,22222222
Mayra,Estrella,,22222222
,,emma@test.com,22222222
,Bernal,ely.bernal@test.com,12345
Mayra,Shelby,what@test.com,123456789
Mayra,Shelby,ely.bernal@test.com,111111111
Ely,Shelby,ely.bernal@test.com,111111111
Mayra,Shelby,daltonshelby@test.com,33333333
Dalton,Bernal,daltonshelby@test.com,123456789
Ely,Estrella,what@test.com,12345
Mayra,Shelby,emma@test.com,1112223333
,Shelby,mayraestrella@test.com,123456781
Dalton,Shelby,emma@test.com,123456789
Mayra,Shelby,emma@test.com,22222222
Mayra,Estrella,daltonshelby@test.com,12345
Ely,Bernal,mayraestrella@test.com,111111111
Ely,Bernal,emma@test.com,111111111
Ely,Shelby,daltonshelby@test.com,1112223333
Mayra,Bernal,what@test.com,22222222
Ely,Shelby,mayraestrella@test.com,123456781
Dalton,Bernal,emma@test.com,12345
Dalton,Estrella,,1112223333
Dalton,Shelby,emma@test.com,123456781
Ely,,emma@test.com,123456781
Mayra,Shelby,mayraestrella@test.com,111111111
Dalton,Shelby,ely.bernal@test.com,1112223333
,,daltonshelby@test.com,1112223333
Mayra,Bernal,daltonshelby@test.com,12345
Mayra,Bernal,mayraestrella@test.com,12345
Mayra,Estrella,ely.bernal@test.com,123456789
,Bernal,emma@test.com,22222222
Ely,Bernal,what@test.com,12345
,Bernal,emma@test.com,22222222
Dalton,,what@test.com,111111111
Dalton,Estrella,mayraestrella@test.com,123456781
Ely,Shelby,mayraestrella@test.com,22222222
,Bernal,emma@test.com,33333333
Mayra,Bernal,emma@test.com,123456781
Dalton,Estrella,ely.bernal@test.com,12345
Mayra,Estrella,daltonshelby@test.com,123456781
Ely,Shelby,daltonshelby@test.com,123456789
Ely,Estrella,test@test.com,123456789
,,mayraestrella@test.com,12345
,,ely.bernal@test.com,123456781
Mayra,Shelby,emma@test.com,111111111
Dalton,Shelby,what@test.com,1112223333
Dalton,,test@test.com,123456781
Mayra,Bernal,what@test.com,123456789
Dalton,Shelby,emma@test.com,1112223333
Dalton,Bernal,test@test.com,12345
Ely,,emma@test.com,1112223333
Mayra,Bernal,ely.bernal@test.com,123456789
Dalton,Shelby,mayraestrella@test.com,33333333
Mayra,Bernal,,1112223333
Ely,,what@test.com,12345
Dalton,,what@test.com,22222222
Mayra,Bernal,emma@test.com,111111111
,Shelby,ely.bernal@test.com,22222222
Mayra,Estrella,what@test.com,1112223333
Ely,Estrella,,22222222
,,what@test.com,22222222
,Shelby,ely.bernal@test.com,1112223333
,Estrella,emma@test.com,111111111
,Shelby,emma@test.com,33333333
Mayra,,ely.bernal@test.com,1112223333
,Estrella,test@test.com,22222222
Ely,Shelby,what@test.com,33333333
Dalton,Bernal,,1112223333
Dalton,Estrella,,123456781
,Estrella,daltonshelby@test.com,33333333
Mayra,,test@test.com,22222222
Dalton,,,123456789
Dalton,Bernal,what@test.com,33333333
Dalton,Shelby,,33333333
Mayra,,emma@test.com,33333333
,,mayraestrella@test.com,123456781
Mayra,Shelby,daltonshelby@test.com,22222222
Mayra,Shelby,ely.bernal@test.com,12345
Mayra,,mayraestrella@test.com,22222222
Mayra,Estrella,ely.bernal@test.com,22222222
,,emma@test.com,33333333
Ely,,mayraestrella@test.com,123456781
,Bernal,,33333333
,Estrella,test@test.com,111111111
Dalton,Shelby,daltonshelby@test.com,1112223333
Ely,,what@test.com,12345
Mayra,Estrella,mayraestrella@test.com,22222222
Ely,,mayraestrella@test.com,123456789
Ely,Bernal,what@test.com,111111111
Mayra,Bernal,ely.bernal@test.com,22222222
Ely,Bernal,daltonshelby@test.com,1112223333
Ely,,test@test.com,22222222
Dalton,Estrella,test@test.com,12345
Mayra,,test@test.com,123456781
Mayra,Bernal,mayraestrella@test.com,123456789
Ely,Bernal,,12345
Mayra,,,1112223333
,Estrella,what@test.com,111111111
Mayra,Estrella,emma@test.com,22222222
,Shelby,daltonshelby@test.com,123456789
,,emma@test.com,22222222
Mayra,Estrella,what@test.com,1112223333
Mayra,,test@test.com,123456781
Ely,,,123456781
Ely,,emma@test.com,12345
,Shelby,,12345
Ely,Bernal,test@test.com,111111111
,Estrella,what@test.com,33333333
,Bernal,test@test.com,12345
,Bernal,what@test.com,123456781
Ely,Estrella,daltonshelby@test.com,33333333
Mayra,Bernal,ely.bernal@test.com,12345
Ely,Bernal,mayraestrella@test.com,33333333
,Shelby,what@test.com,33333333
,Shelby,ely.bernal@test.com,12345
Dalton,Shelby,what@test.com,123456789
Dalton,Shelby,,123456789
Ely,Bernal,emma@test.com,1112223333
Dalton,Shelby,ely.bernal@test.com,1112223333
,Estrella,daltonshelby@test.com,123456781
Dalton,,,123456781
,Shelby,test@test.com,33333333
Mayra,Shelby,what@test.com,22222222
Mayra,Shelby,emma@test.com,22222222
Mayra,,,33333333
Dalton,Shelby,ely.bernal@test.com,123456789
,Shelby,ely.bernal@test.com,12345
,,emma@test.com,12345
Mayra,,emma@test.com,1112223333
Mayra,Estrella,what@test.com,123456781
Ely,Estrella,daltonshelby@test.com,33333333
Mayra,Bernal,test@test.com,12345
Mayra,Shelby,,1112223333
Dalton,,what@test.com,33333333
Ely,Bernal,ely.bernal@test.com,22222222
Mayra,Shelby,emma@test.com,123456781
,Shelby,ely.bernal@test.com,12345
Mayra,Shelby,what@test.com,33333333
,Bernal,emma@test.com,33333333
,Estrella,what@test.com,123456781
,Estrella,what@test.com,22222222
,Estrella,what@test.com,123456781
Mayra,,what@test.com,1112223333
Mayra,Estrella,ely.bernal@test.com,12345
Mayra,Estrella,mayraestrella@test.com,1112223333
Dalton,,what@test.com,33333333
Ely,Shelby,ely.bernal@test.com,123456789
Dalton,,daltonshelby@test.com,22222222
,Shelby,ely.bernal@test.com,1112223333
Dalton,Bernal,test@test.com,123456781
,Estrella,emma@test.com,33333333
Dalton,Shelby,daltonshelby@test.com,123456781
Ely,Bernal,test@test.com,33333333
Mayra,Bernal,ely.bernal@test.com,123456789
,,,1112223333
Ely,Bernal,what@test.com,33333333
,,emma@test.com,123456781
Dalton,Bernal,,123456781
,Shelby,what@test.com,12345
Dalton,Estrella,ely.bernal@test.com,33333333
Mayra,Shelby,,33333333
Dalton,Bernal,,1112223333
Ely,,ely.bernal@test.com,123456781
Dalton,Bernal,what@test.com,123456781
Ely,Estrella,emma@test.com,22222222
,Shelby,ely.bernal@test.com,123456781
Mayra,Estrella,daltonshelby@test.com,123456789
Mayra,,mayraestrella@test.com,33333333
Dalton,Bernal,test@test.com,12345
Dalton,Shelby,emma@test.com,12345
,,mayraestrella@test.com,22222222
,,test@test.com,22222222
,Shelby,test@test.com,1112223333
Dalton,Shelby,daltonshelby@test.com,12345
Mayra,Bernal,emma@test.com,33333333
Ely,Bernal,what@test.com,33333333
,Shelby,test@test.com,123456789
,Bernal,mayraestrella@test.com,123456789
Dalton,Bernal,what@test.com,123456781
Mayra,Shelby,mayraestrella@test.com,111111111
Mayra,Estrella,emma@test.com,111111111
Mayra,Bernal,,123456789
Dalton,,what@test.com,22222222
Dalton,Shelby,what@test.com,12345
Mayra,,emma@test.com,1112223333
Mayra,Estrella,mayraestrella@test.com,12345
,Estrella,test@test.com,12345
,Shelby,mayraestrella@test.com,12345
Mayra,Bernal,emma@test.com,123456781
,,mayraestrella@test.com,22222222
Dalton,Bernal,emma@test.com,33333333
Mayra,Bernal,what@test.com,111111111
,Shelby,emma@test.com,123456789
Dalton,Shelby,emma@test.com,123456781
Ely,,ely.bernal@test.com,33333333
Dalton,Bernal,,123456789
Mayra,Bernal,ely.bernal@test.com,22222222
,Bernal,,123456789
,,what@test.com,12345
Ely,Bernal,ely.bernal@test.com,12345
Ely,Bernal,mayraestrella@test.com,111111111
,,,12345
Dalton,Estrella,,111111111
Dalton,Shelby,,123456789
Dalton,Estrella,test@test.com,111111111
,,what@test.com,123456781
,,emma@test.com,1112223333
Dalton,,emma@test.com,12345
Mayra,Bernal,test@test.com,12345
Dalton,Estrella,ely.bernal@test.com,33333333
Mayra,,test@test.com,33333333
,,what@test.com,22222222
Dalton,Shelby,,33333333
Mayra,,test@test.com,123456781
Ely,,daltonshelby@test.com,33333333
,Estrella,,22222222
,,mayraestrella@test.com,33333333
Mayra,Shelby,test@test.com,33333333
Dalton,Estrella,test@test.com,111111111
Dalton,Estrella,emma@test.com,111111111
Mayra,Shelby,mayraestrella@test.com,123456781
Dalton,,mayraestrella@test.com,1112223333
Dalton,,ely.bernal@test.com,12345
Mayra,Estrella,,111111111
Ely,,mayraestrella@test.com,123456789
Mayra,Estrella,,1112223333
Mayra,,daltonshelby@test.com,123456789
,,emma@test.com,12345
Dalton,Estrella,ely.bernal@test.com,123456781
Dalton,Bernal,mayraestrella@test.com,111111111
Dalton,,what@test.com,33333333
Ely,Bernal,mayraestrella@test.com,33333333
Dalton,,emma@test.com,22222222
,Bernal,test@test.com,123456781
Dalton,,test@test.com,123456781
Ely,Shelby,mayraestrella@test.com,111111111
Ely,,emma@test.com,33333333
,Estrella,emma@test.com,123456781
,Shelby,,111111111
Mayra,,,33333333
,Estrella,,22222222
,Estrella,emma@test.com,111111111
,Bernal,test@test.com,123456781
,,daltonshelby@test.com,123456781
Ely,Estrella,emma@test.com,22222222
Dalton,Shelby,test@test.com,123456781
Ely,Estrella,mayraestrella@test.com,1112223333
,Shelby,what@test.com,12345
Mayra,Shelby,daltonshelby@test.com,111111111
Ely,,daltonshelby@test.com,123456781
Mayra,Estrella,test@test.com,33333333
Ely,Shelby,daltonshelby@test.com,12345
Dalton,Bernal,,123456781
Dalton,,what@test.com,1112223333
Dalton,Estrella,mayraestrella@test.com,123456789
Mayra,Estrella,daltonshelby@test.com,1112223333
Mayra,,ely.bernal@test.com,33333333
Ely,,mayraestrella@test.com,111111111
,Estrella,emma@test.com,1112223333
Dalton,Bernal,test@test.com,123456781
,Shelby,ely.bernal@test.com,123456789
Mayra,Shelby,test@test.com,1112223333
Mayra,,daltonshelby@test.com,1112223333
Mayra,,,123456781
Dalton,Estrella,test@test.com,22222222
Ely,Estrella,ely.bernal@test.com,12345
Ely,Bernal,daltonshelby@test.com,111111111
Dalton,Estrella,ely.bernal@test.com,1112223333
Mayra,Bernal,,123456789
Ely,,mayraestrella@test.com,1112223333
,Estrella,mayraestrella@test.com,12345
,Shelby,,123456781
,Estrella,,123456789
,,what@test.com,123456781
Mayra,Shelby,emma@test.com,33333333
Mayra,Shelby,ely.bernal@test.com,22222222
Mayra,Bernal,ely.bernal@test.com,123456781
Mayra,Estrella,ely.bernal@test.com,1112223333
,Estrella,what@test.com,123456781
Dalton,,ely.bernal@test.com,12345
Mayra,Bernal,what@test.com,1112223333
Dalton,Estrella,emma@test.com,123456789
Ely,,daltonshelby@test.com,22222222
Dalton,,test@test.com,111111111
Mayra,Bernal,daltonshelby@test.com,123456789
,,test@test.com,12345
,Bernal,what@test.com,123456781
Dalton,Bernal,,123456781
Ely,Shelby,daltonshelby@test.com,123456781
Ely,,test@test.com,123456781
Mayra,,,1112223333
Dalton,Bernal,what@test.com,123456781
Mayra,,daltonshelby@test.com,33333333
Ely,Estrella,ely.bernal@test.com,33333333
,Bernal,ely.bernal@test.com,123456781
Ely,Shelby,mayraestrella@test.com,1112223333
Mayra,Estrella,what@test.com,22222222
Mayra,Estrella,what@test.com,1112223333
,Bernal,mayraestrella@test.com,33333333
Ely,,test@test.com,1112223333
Ely,,what@test.com,12345
,Bernal,daltonshelby@test.com,22222222
Ely,Estrella,mayraestrella@test.com,1112223333
,Shelby,test@test.com,123456781
Mayra,Estrella,ely.bernal@test.com,33333333
Mayra,Estrella,mayraestrella@test.com,123456781
,Estrella,,123456789
Mayra,,mayraestrella@test.com,123456781
Ely,Bernal,emma@test.com,123456789
Dalton,Bernal,,1112223333
Ely,Estrella,daltonshelby@test.com,12345
Dalton,,what@test.com,33333333
Dalton,Bernal,mayraestrella@test.com,111111111
Mayra,,daltonshelby@test.com,33333333
Dalton,Bernal,,111111111
Dalton,Estrella,,123456789
Dalton,Shelby,daltonshelby@test.com,33333333
Dalton,,daltonshelby@test.com,22222222
Mayra,Shelby,,123456781
Mayra,,daltonshelby@test.com,22222222
Ely,Shelby,what@test.com,111111111
,Bernal,emma@test.com,1112223333
Mayra,,daltonshelby@test.com,123456789
Ely,,test@test.com,123456789
,Shelby,mayraestrella@test.com,123456781
Ely,Bernal,what@test.com,22222222
Ely,,ely.bernal@test.com,123456781
Ely,,,123456781
Dalton,Shelby,daltonshelby@test.com,111111111
Dalton,Bernal,test@test.com,22222222
Ely,Shelby,daltonshelby@test.com,111111111
Mayra,Bernal,,12345
Ely,Shelby,,22222222
Ely,Bernal,ely.bernal@test.com,12345
Ely,Shelby,,123456789
,Shelby,mayraestrella@test.com,123456781
Dalton,,test@test.com,22222222
,Estrella,what@test.com,111111111
,,mayraestrella@test.com,22222222
,,ely.bernal@test.com,1112223333
Mayra,Shelby,mayraestrella@test.com,123456781
Dalton,Bernal,ely.bernal@test.com,123456781
Ely,Bernal,,123456789
Ely,,what@test.com,1112223333
,Shelby,what@test.com,123456789
Mayra,Shelby,,12345
Ely,Shelby,mayraestrella@test.com,123456781
Ely,Estrella,,123456789
Mayra,Shelby,what@test.com,1112223333
Dalton,Estrella,ely.bernal@test.com,12345
,,test@test.com,1112223333
Dalton,,ely.bernal@test.com,33333333
Dalton,,,1112223333
Mayra,Bernal,,12345
Dalton,Shelby,daltonshelby@test.com,12345
,Bernal,daltonshelby@test.com,123456789
,Bernal,daltonshelby@test.com,1112223333
Dalton,,,22222222
Mayra,,,123456789
Ely,,daltonshelby@test.com,111111111
Mayra,,test@test.com,33333333
Ely,Shelby,test@test.com,33333333
Ely,Shelby,test@test.com,123456781
Ely,Bernal,what@test.com,22222222
Dalton,Estrella,emma@test.com,111111111
Dalton,Estrella,emma@test.com,22222222
,Estrella,emma@test.com,22222222
,,mayraestrella@test.com,33333333
Dalton,Shelby,mayraestrella@test.com,1112223333
Mayra,Estrella,daltonshelby@test.com,123456789
Mayra,Bernal,mayraestrella@test.com,22222222
Ely,,emma@test.com,123456789
,,emma@test.com,123456789
Ely,Bernal,what@test.com,123456789
,Bernal,daltonshelby@test.com,33333333
Ely,,daltonshelby@test.com,123456789
Ely,Bernal,ely.bernal@test.com,22222222
Ely,Shelby,test@test.com,12345
Mayra,,mayraestrella@test.com,123456781
Mayra,Estrella,ely.bernal@test.com,1112223333
Mayra,Shelby,ely.bernal@test.com,123456789
Ely,,what@test.com,1112223333
Dalton,,,111111111
,,,33333333
Mayra,Estrella,mayraestrella@test.com,12345
,Estrella,ely.bernal@test.com,1112223333
Mayra,,emma@test.com,123456789
Ely,,daltonshelby@test.com,12345
Dalton,Bernal,ely.bernal@test.com,123456781
Ely,Shelby,,111111111
,,mayraestrella@test.com,123456789
Dalton,,daltonshelby@test.com,123456781
Mayra,Estrella,ely.bernal@test.com,123456781
Ely,Bernal,,12345
,,,123456789
Ely,Estrella,ely.bernal@test.com,12345
Dalton,,ely.bernal@test.com,111111111
Dalton,Bernal,daltonshelby@test.com,123456781
Mayra,,test@test.com,123456781
Mayra,Bernal,mayraestrella@test.com,1112223333
Mayra,Shelby,mayraestrella@test.com,22222222
Mayra,,emma@test.com,1112223333
Dalton,Shelby,test@test.com,1112223333
Mayra,,emma@test.com,12345
Mayra,Estrella,,123456781
Ely,Bernal,what@test.com,1112223333
,,emma@test.com,111111111
Mayra,Estrella,,111111111
,Estrella,daltonshelby@test.com,33333333
,Estrella,test@test.com,1112223333
Mayra,Bernal,daltonshelby@test.com,111111111
,Bernal,daltonshelby@test.com,1112223333
Mayra,Estrella,emma@test.com,22222222
Dalton,Estrella,test@test.com,123456789
Ely,Estrella,what@test.com,123456781
Dalton,Shelby,ely.bernal@test.com,33333333
Ely,,test@test.com,33333333
Ely,,emma@test.com,1112223333
Ely,Bernal,what@test.com,33333333
,Bernal,emma@test.com,123456789
,Shelby,mayraestrella@test.com,12345
,Bernal,daltonshelby@test.com,123456781
Dalton,,ely.bernal@test.com,123456781
Ely,Bernal,mayraestrella@test.com,12345
Ely,Bernal,daltonshelby@test.com,12345
,Shelby,mayraestrella@test.com,123456789
Dalton,Shelby,emma@test.com,111111111
Dalton,Shelby,,1112223333
Mayra,Shelby,test@test.com,12345
Dalton,Shelby,ely.bernal@test.com,33333333
,Shelby,,1112223333
,Estrella,daltonshelby@test.com,12345
,Estrella,what@test.com,123456789
Ely,Shelby,,111111111
Ely,Estrella,,12345
Dalton,Bernal,ely.bernal@test.com,1112223333
Ely,Shelby,test@test.com,12345
Mayra,Shelby,daltonshelby@test.com,123456781
Ely,Shelby,,12345
,Bernal,,33333333
,,,111111111
Mayra,Bernal,test@test.com,1112223333
,Shelby,emma@test.com,123456781
Ely,Shelby,test@test.com,111111111
Mayra,Shelby,,123456781
,,daltonshelby@test.com,22222222
Mayra,Bernal,ely.bernal@test.com,33333333
,Bernal,ely.bernal@test.com,123456789
Dalton,Shelby,test@test.com,111111111
Dalton,Shelby,what@test.com,1112223333
Ely,Shelby,test@test.com,22222222
,Bernal,mayraestrella@test.com,123456781
Ely,Bernal,test@test.com,123456789
Dalton,Estrella,ely.bernal@test.com,33333333
,Estrella,mayraestrella@test.com,111111111
Dalton,Bernal,emma@test.com,1112223333
Dalton,Estrella,ely.bernal@test.com,33333333
Dalton,Bernal,test@test.com,12345
Dalton,,emma@test.com,123456781
Ely,Shelby,test@test.com,1112223333
Ely,Bernal,test@test.com,12345
Dalton,Shelby,mayraestrella@test.com,12345
,Estrella,ely.bernal@test.com,22222222
Dalton,Bernal,daltonshelby@test.com,111111111
Ely,Shelby,daltonshelby@test.com,123456781
Mayra,Shelby,,33333333
,Bernal,ely.bernal@test.com,123456789
Dalton,Bernal,what@test.com,22222222
Dalton,,daltonshelby@test.com,33333333
Dalton,Shelby,test@test.com,123456781
Mayra,Estrella,test@test.com,12345
,Estrella,what@test.com,123456781
Dalton,Shelby,mayraestrella@test.com,1112223333
Dalton,,mayraestrella@test.com,1112223333
Dalton,Shelby,ely.bernal@test.com,1112223333
,Shelby,ely.bernal@test.com,12345
Dalton,,test@test.com,22222222
,Bernal,daltonshelby@test.com,111111111
Ely,Bernal,,111111111
,Estrella,ely.bernal@test.com,111111111
Mayra,Shelby,,123456789
,Shelby,daltonshelby@test.com,123456789
Mayra,Shelby,,22222222
,Shelby,ely.bernal@test.com,33333333
,,test@test.com,22222222
Mayra,Bernal,mayraestrella@test.com,123456789
Dalton,,test@test.com,22222222
Ely,,,22222222
,Estrella,test@test.com,22222222
Mayra,,mayraestrella@test.com,123456781
,,mayraestrella@test.com,111111111
Dalton,Shelby,what@test.com,33333333
Ely,Estrella,daltonshelby@test.com,33333333
Mayra,Estrella,mayraestrella@test.com,22222222
Dalton,Shelby,mayraestrella@test.com,123456789
Ely,,test@test.com,123456781
Ely,Shelby,what@test.com,123456789
,,daltonshelby@test.com,22222222
Mayra,Bernal,what@test.com,123456781
Mayra,Bernal,daltonshelby@test.com,123456781
Dalton,Shelby,,22222222
Ely,Shelby,,1112223333
Dalton,Bernal,daltonshelby@test.com,12345
Mayra,Bernal,,22222222
Mayra,Estrella,emma@test.com,12345
Mayra,Estrella,,123456789
Mayra,Bernal,mayraestrella@test.com,111111111
Ely,,daltonshelby@test.com,12345
Mayra,Shelby,what@test.com,111111111
Mayra,Estrella,emma@test.com,123456789
Ely,Shelby,what@test.com,123456789
Dalton,Shelby,mayraestrella@test.com,33333333
Dalton,,,123456789
,Shelby,daltonshelby@test.com,111111111
,Estrella,ely.bernal@test.com,12345
Dalton,Estrella,mayraestrella@test.com,33333333
Dalton,,emma@test.com,33333333
Dalton,,emma@test.com,123456781
Dalton,,test@test.com,123456781
Mayra,Bernal,,123456789
,,daltonshelby@test.com,1112223333
,,test@test.com,22222222
,Estrella,what@test.com,123456789
,Bernal,test@test.com,12345
,Estrella,ely.bernal@test.com,123456781
Mayra,Shelby,,12345
Ely,,ely.bernal@test.com,22222222
Mayra,Bernal,ely.bernal@test.com,12345
Mayra,Bernal,mayraestrella@test.com,111111111
Mayra,Estrella,test@test.com,12345
Dalton,Estrella,ely.bernal@test.com,1112223333
Ely,Bernal,emma@test.com,123456789
Mayra,Estrella,emma@test.com,22222222
Ely,Estrella,ely.bernal@test.com,111111111
,Shelby,what@test.com,12345
Dalton,Bernal,test@test.com,1112223333
Mayra,Estrella,what@test.com,1112223333
Mayra,Estrella,test@test.com,123456781
,Shelby,test@test.com,12345
Dalton,Estrella,what@test.com,123456781
,Shelby,ely.bernal@test.com,12345
Ely,,daltonshelby@test.com,1112223333
Dalton,Estrella,mayraestrella@test.com,12345
Dalton,Shelby,daltonshelby@test.com,33333333
Ely,,daltonshelby@test.com,1112223333
Mayra,Shelby,what@test.com,123456789
,Estrella,,12345
Dalton,,mayraestrella@test.com,33333333
Mayra,Estrella,test@test.com,22222222
Dalton,,,22222222
Ely,Shelby,daltonshelby@test.com,123456781
Ely,Bernal,ely.bernal@test.com,1112223333
Ely,Bernal,daltonshelby@test.com,22222222
Ely,Shelby,what@test.com,123456789
Mayra,Shelby,emma@test.com,1112223333
,,emma@test.com,123456781
Dalton,,what@test.com,12345
Ely,Shelby,test@test.com,1112223333
Dalton,Estrella,emma@test.com,12345
Dalton,Bernal,ely.bernal@test.com,123456789
,,daltonshelby@test.com,123456789
Mayra,Shelby,emma@test.com,22222222
,Shelby,mayraestrella@test.com,123456789
Dalton,,test@test.com,1112223333
,,,123456781
Ely,Shelby,mayraestrella@test.com,123456789
,Bernal,daltonshelby@test.com,33333333
Ely,Bernal,ely.bernal@test.com,1112223333
Dalton,Estrella,ely.bernal@test.com,111111111
Ely,Shelby,what@test.com,12345
,Estrella,what@test.com,123456789
Ely,Shelby,emma@test.com,111111111
,,daltonshelby@test.com,123456789
Mayra,Bernal,test@test.com,1112223333
Mayra,,,111111111
Ely,Bernal,emma@test.com,12345
,Bernal,,111111111
Mayra,,daltonshelby@test.com,123456789
Ely,Bernal,daltonshelby@test.com,111111111
Dalton,Shelby,daltonshelby@test.com,111111111
Dalton,Shelby,test@test.com,12345
Dalton,Estrella,emma@test.com,123456789
Mayra,,daltonshelby@test.com,33333333
,Shelby,daltonshelby@test.com,123456781
Dalton,,what@test.com,12345
Mayra,,,12345
,Shelby,mayraestrella@test.com,1112223333
,Bernal,test@test.com,111111111
Ely,Bernal,test@test.com,123456789
Dalton,Shelby,what@test.com,111111111
Ely,Bernal,ely.bernal@test.com,12345
,Estrella,ely.bernal@test.com,33333333
Mayra,Estrella,daltonshelby@test.com,123456781
,,,123456781
Ely,,emma@test.com,12345
Ely,Estrella,ely.bernal@test.com,123456781
,Shelby,mayraestrella@test.com,22222222
Dalton,Bernal,,12345
Ely,,ely.bernal@test.com,22222222
Dalton,Estrella,daltonshelby@test.com,123456789
,,ely.bernal@test.com,12345
Ely,Estrella,what@test.com,12345
Dalton,Bernal,,33333333
,Bernal,what@test.com,123456789
Mayra,,ely.bernal@test.com,123456789
Ely,Shelby,emma@test.com,22222222
,Bernal,what@test.com,123456789
,,,22222222
Dalton,Shelby,mayraestrella@test.com,123456789
Dalton,Bernal,mayraestrella@test.com,111111111
Dalton,Bernal,mayraestrella@test.com,22222222
Dalton,,daltonshelby@test.com,22222222
Ely,Bernal,what@test.com,123456781
,Bernal,daltonshelby@test.com,123456781
Mayra,Estrella,test@test.com,12345
Ely,,ely.bernal@test.com,22222222
Ely,Estrella,ely.bernal@test.com,111111111
,Estrella,daltonshelby@test.com,1112223333
Mayra,Shelby,daltonshelby@test.com,111111111
Mayra,,ely.bernal@test.com,111111111
Mayra,Bernal,,123456781
Ely,,test@test.com,123456781
Mayra,Bernal,test@test.com,33333333
,Bernal,daltonshelby@test.com,22222222
Dalton,Shelby,emma@test.com,111111111
Dalton,Estrella,mayraestrella@test.com,111111111
Ely,Estrella,ely.bernal@test.com,123456781
Ely,Shelby,ely.bernal@test.com,33333333
Ely,Shelby,what@test.com,12345
Mayra,,mayraestrella@test.com,111111111
,,what@test.com,123456781
,Shelby,daltonshelby@test.com,22222222
,Shelby,mayraestrella@test.com,22222222
Mayra,Bernal,emma@test.com,33333333
Mayra,Estrella,,12345
,Estrella,,1112223333
Mayra,Shelby,ely.bernal@test.com,33333333
Dalton,Estrella,ely.bernal@test.com,123456781
Ely,Estrella,mayraestrella@test.com,33333333
Ely,Estrella,what@test.com,33333333
,Estrella,,123456789
Ely,Estrella,mayraestrella@test.com,1112223333
Dalton,Estrella,what@test.com,123456781
Dalton,Shelby,mayraestrella@test.com,22222222
Ely,Bernal,daltonshelby@test.com,123456789
Ely,Bernal,what@test.com,123456789
Mayra,Shelby,what@test.com,1112223333
Dalton,Estrella,emma@test.com,111111111
Mayra,Estrella,ely.bernal@test.com,123456789
Dalton,,mayraestrella@test.com,22222222
Dalton,,mayraestrella@test.com,123456789
Ely,Estrella,test@test.com,123456781
Ely,Shelby,emma@test.com,33333333
Dalton,,ely.bernal@test.com,1112223333
Mayra,Shelby,daltonshelby@test.com,12345
,Shelby,mayraestrella@test.com,123456789
Ely,Estrella,daltonshelby@test.com,33333333
Ely,,mayraestrella@test.com,123456789
Mayra,Bernal,test@test.com,12345
Mayra,,,123456789
,Bernal,test@test.com,22222222
Dalton,Shelby,,12345
Dalton,Estrella,ely.bernal@test.com,111111111
,Estrella,test@test.com,123456781
Mayra,Shelby,emma@test.com,123456789
Dalton,Shelby,,33333333
Ely,,ely.bernal@test.com,123456789
Mayra,Shelby,mayraestrella@test.com,33333333
Dalton,,emma@test.com,1112223333
Mayra,Estrella,test@test.com,12345
Dalton,Shelby,test@test.com,111111111
Dalton,Estrella,mayraestrella@test.com,1112223333
Ely,Estrella,ely.bernal@test.com,12345
Ely,Shelby,emma@test.com,22222222
Mayra,,emma@test.com,111111111
,Shelby,emma@test.com,12345
Dalton,Bernal,,123456781
,,what@test.com,12345
Ely,Shelby,daltonshelby@test.com,1112223333
Mayra,Bernal,daltonshelby@test.com,123456789
Dalton,,what@test.com,22222222
Mayra,Bernal,what@test.com,22222222
Mayra,Estrella,,22222222
Ely,,ely.bernal@test.com,33333333
,,test@test.com,123456781
,,ely.bernal@test.com,12345
Dalton,,test@test.com,123456789
Mayra,Estrella,,22222222
,Bernal,test@test.com,33333333
Ely,Estrella,mayraestrella@test.com,123456789
,,mayraestrella@test.com,111111111
Dalton,,,22222222
Dalton,,test@test.com,22222222
Ely,,daltonshelby@test.com,12345
Mayra,Estrella,test@test.com,111111111
Mayra,,ely.bernal@test.com,123456781
Ely,,test@test.com,1112223333
Mayra,Estrella,emma@test.com,33333333
Ely,Shelby,ely.bernal@test.com,123456781
Mayra,Bernal,test@test.com,123456789
Ely,Bernal,emma@test.com,123456789
,Bernal,what@test.com,123456781
Mayra,Shelby,what@test.com,123456781
Mayra,Bernal,daltonshelby@test.com,22222222
,,ely.bernal@test.com,33333333
,Bernal,daltonshelby@test.com,33333333
,,,22222222
Mayra,Shelby,,22222222
Mayra,Estrella,test@test.com,1112223333
,,daltonshelby@test.com,1112223333
Mayra,,what@test.com,33333333
Ely,,what@test.com,123456789
Mayra,Shelby,daltonshelby@test.com,123456789
,Bernal,daltonshelby@test.com,111111111
Dalton,Shelby,what@test.com,22222222
Ely,,what@test.com,123456789
Ely,Estrella,,22222222
,Estrella,,12345
Mayra,Estrella,emma@test.com,22222222
,Bernal,test@test.com,111111111
Ely,Bernal,what@test.com,1112223333
Mayra,Estrella,what@test.com,1112223333
,Estrella,emma@test.com,33333333
,,emma@test.com,123456781
Ely,Bernal,ely.bernal@test.com,123456781
Dalton,Estrella,,1112223333
Mayra,,ely.bernal@test.com,1112223333
,Bernal,,22222222
,,emma@test.com,33333333
,Shelby,mayraestrella@test.com,123456789
Dalton,Shelby,daltonshelby@test.com,1112223333
Mayra,Shelby,what@test.com,12345
Mayra,Estrella,,12345
Ely,Bernal,ely.bernal@test.com,12345
Mayra,Shelby,mayraestrella@test.com,1112223333
Dalton,Shelby,what@test.com,12345
Ely,Bernal,ely.bernal@test.com,33333333
Mayra,Bernal,daltonshelby@test.com,33333333
,,,22222222
Ely,Estrella,what@test.com,1112223333
Ely,Shelby,ely.bernal@test.com,1112223333
Mayra,Shelby,test@test.com,123456781
Mayra,Estrella,test@test.com,1112223333
Ely,Estrella,mayraestrella@test.com,123456789
Dalton,Bernal,emma@test.com,1112223333
Mayra,,,22222222
Ely,,ely.bernal@test.com,111111111
Dalton,Shelby,daltonshelby@test.com,123456781
,Estrella,daltonshelby@test.com,22222222
Dalton,Shelby,test@test.com,123456781
,Estrella,emma@test.com,123456781
,Shelby,what@test.com,123456789
Dalton,,,12345
,,mayraestrella@test.com,111111111
Dalton,Shelby,mayraestrella@test.com,12345
Mayra,,what@test.com,111111111
Mayra,Estrella,emma@test.com,12345
Dalton,Shelby,mayraestrella@test.com,12345
Ely,Estrella,emma@test.com,1112223333
,Estrella,test@test.com,111111111
Dalton,Shelby,daltonshelby@test.com,123456781
Mayra,Bernal,ely.bernal@test.com,1112223333
Dalton,Shelby,emma@test.com,1112223333
Dalton,Bernal,test@test.com,12345
Mayra,Shelby,mayraestrella@test.com,12345
Mayra,Bernal,emma@test.com,111111111
Mayra,,ely.bernal@test.com,123456789
Dalton,Estrella,what@test.com,123456781
Dalton,Shelby,what@test.com,111111111
,Bernal,daltonshelby@test.com,22222222
,Estrella,emma@test.com,33333333
Dalton,Shelby,,33333333
Ely,Estrella,ely.bernal@test.com,1112223333
,Shelby,test@test.com,12345
Ely,Bernal,mayraestrella@test.com,12345
Dalton,Bernal,daltonshelby@test.com,123456781
Dalton,Shelby,mayraestrella@test.com,22222222
Mayra,Bernal,ely.bernal@test.com,1112223333
Dalton,Bernal,test@test.com,1112223333
Dalton,,daltonshelby@test.com,1112223333
Dalton,Shelby,daltonshelby@test.com,33333333
,,ely.bernal@test.com,123456789
Dalton,Shelby,ely.bernal@test.com,1112223333
Mayra,Estrella,mayraestrella@test.com,111111111
Ely,Bernal,ely.bernal@test.com,123456781
Dalton,Estrella,mayraestrella@test.com,1112223333
Dalton,Shelby,,1112223333
,Bernal,daltonshelby@test.com,33333333
Ely,Estrella,what@test.com,123456781
Ely,Estrella,emma@test.com,12345
Mayra,Estrella,test@test.com,111111111
,Estrella,mayraestrella@test.com,33333333
Dalton,,,22222222
Ely,,what@test.com,111111111
,Bernal,test@test.com,111111111
Dalton,Bernal,mayraestrella@test.com,123456789
Mayra,Shelby,mayraestrella@test.com,123456789
Ely,Shelby,,111111111
,,emma@test.com,111111111
Mayra,Estrella,ely.bernal@test.com,1112223333
Dalton,,mayraestrella@test.com,123456781
Ely,,what@test.com,33333333
Mayra,Shelby,mayraestrella@test.com,12345
Mayra,Shelby,daltonshelby@test.com,123456781
Ely,Estrella,mayraestrella@test.com,12345
Mayra,,,111111111
Ely,Estrella,test@test.com,111111111
Dalton,Shelby,ely.bernal@test.com,111111111
Dalton,,test@test.com,33333333
Mayra,Shelby,emma@test.com,111111111
Dalton,Shelby,ely.bernal@test.com,123456781
Ely,Bernal,mayraestrella@test.com,123456789
Dalton,,ely.bernal@test.com,33333333
Ely,Shelby,ely.bernal@test.com,123456781
,Shelby,ely.bernal@test.com,1112223333
,Estrella,mayraestrella@test.com,1112223333
Ely,Shelby,mayraestrella@test.com,1112223333
Mayra,Bernal,what@test.com,123456789
Mayra,Bernal,test@test.com,1112223333
,Shelby,daltonshelby@test.com,33333333
Dalton,Shelby,test@test.com,12345
Dalton,Shelby,what@test.com,111111111
Mayra,Bernal,what@test.com,123456781
Ely,,mayraestrella@test.com,1112223333
Ely,Shelby,test@test.com,123456781
Ely,Shelby,mayraestrella@test.com,22222222
Dalton,Shelby,test@test.com,111111111
Mayra,Estrella,,1112223333
Dalton,,,22222222
,Estrella,,123456781
Mayra,Bernal,daltonshelby@test.com,111111111
,Shelby,emma@test.com,1112223333
,Estrella,ely.bernal@test.com,123456789
,Estrella,,123456789
Mayra,Estrella,,1112223333
Dalton,Shelby,test@test.com,1112223333
,Shelby,daltonshelby@test.com,33333333
Ely,Bernal,emma@test.com,12345
Dalton,Bernal,emma@test.com,1112223333
,Bernal,daltonshelby@test.com,1112223333
Ely,Bernal,test@test.com,22222222
Mayra,,daltonshelby@test.com,1112223333
Mayra,,test@test.com,12345
,Shelby,,1112223333
Ely,Bernal,emma@test.com,123456789
,Shelby,test@test.com,123456781
Mayra,Estrella,emma@test.com,22222222
,Bernal,emma@test.com,123456781
Dalton,,daltonshelby@test.com,111111111
Mayra,,ely.bernal@test.com,1112223333
,Bernal,emma@test.com,12345
Ely,,emma@test.com,12345
Ely,,mayraestrella@test.com,33333333
Dalton,Estrella,what@test.com,1112223333
Dalton,Estrella,emma@test.com,12345
,Estrella,,22222222
Ely,Shelby,test@test.com,123456789
,,daltonshelby@test.com,123456789
,Bernal,daltonshelby@test.com,1112223333
,Bernal,daltonshelby@test.com,123456789
Ely,,what@test.com,1112223333
Dalton,Shelby,emma@test.com,1112223333
Mayra,Estrella,emma@test.com,123456789
Dalton,Shelby,test@test.com,123456789
Ely,,,1112223333
,Estrella,mayraestrella@test.com,33333333
Mayra,Shelby,mayraestrella@test.com,33333333
Ely,Estrella,,12345
Dalton,Shelby,mayraestrella@test.com,1112223333
Mayra,Shelby,,123456789
Dalton,Bernal,mayraestrella@test.com,22222222
Dalton,,emma@test.com,1112223333
Dalton,Shelby,,22222222
Dalton,Estrella,mayraestrella@test.com,111111111
Dalton,Shelby,daltonshelby@test.com,111111111
,,what@test.com,111111111
Ely,,test@test.com,12345
Dalton,Bernal,emma@test.com,12345
Mayra,Estrella,what@test.com,1112223333
Dalton,Estrella,test@test.com,1112223333
Dalton,Shelby,daltonshelby@test.com,111111111
Ely,Estrella,test@test.com,111111111
Mayra,Bernal,ely.bernal@test.com,33333333
Mayra,Shelby,mayraestrella@test.com,123456789
Dalton,Estrella,emma@test.com,22222222
Mayra,Estrella,daltonshelby@test.com,123456789
Mayra,,,1112223333
Ely,,,22222222
Mayra,,,1112223333
,Bernal,,12345
Ely,,mayraestrella@test.com,22222222
Mayra,,,12345
,,test@test.com,22222222
Dalton,Bernal,mayraestrella@test.com,123456789
Ely,Bernal,emma@test.com,123456781
Mayra,Estrella,test@test.com,111111111
,Shelby,mayraestrella@test.com,123456781
,,,22222222
Dalton,,emma@test.com,1112223333
,Shelby,test@test.com,123456789
Dalton,,daltonshelby@test.com,33333333
Mayra,,daltonshelby@test.com,123456789
Mayra,Estrella,daltonshelby@test.com,123456781
Dalton,Shelby,mayraestrella@test.com,33333333
Ely,Bernal,mayraestrella@test.com,33333333
Mayra,Estrella,ely.bernal@test.com,22222222
Dalton,Bernal,ely.bernal@test.com,12345
Dalton,Shelby,emma@test.com,1112223333
Ely,,what@test.com,1112223333
Dalton,Estrella,test@test.com,123456789
Mayra,Estrella,ely.bernal@test.com,1112223333
Ely,Bernal,ely.bernal@test.com,123456781
Dalton,Shelby,test@test.com,22222222
